"indice_pop";"montagne";"touristique";"metropole";"metropolehidf";"annee";"population";"dep_invest";"dep_invest_ba";"rec_invest";"rec_invest_ba";"dep_equip";"dep_equip_ba";"dep_equip_brut";"dep_equip_brut_ba";"remboursement";"remboursement_ba";"emprunt";"emprunt_ba";"dep_fonc";"dep_fonc_ba";"rec_fonc";"rec_fonc_ba";"dette";"dette_ba";"fc_i";"fc_f";"terrains";"terrains_ba";"constructions";"constructions_ba";"reseaux";"reseaux_ba";"bien_meuble";"bien_meuble_ba";"taxe_amenag";"taxe_amenag_ba";"compte13_10";"compte13_10_ba";"amende";"amende_ba";"FCTVA";"FCTVA_ba";"planFCTVA_r";"planFCTVA_d";"planFCTVA_r_ba";"planFCTVA_d_ba";"cessions";"cessions_ba";"subvention_204";"subvention_204_ba";"siren_epci";"epn";"epn_ba";"rec_invest_hors_planFCTVA";"rec_invest_hors_planFCTVA_ba";"plan_relance_FCTVA_net";"plan_relance_FCTVA_net_ba";"remb_avance";"remb_avance_ba";"sub_dot_ssTAAm";"sub_dot_ssTAAm_ba";"autres_dep_equip";"autres_dep_equip_ba";"autres_rec_invest";"autres_rec_invest_ba";"autres_rec_invest_hors_planrelance";"autres_rec_invest_hors_planrelance_ba";"var_fon_roul";"var_fon_roul_ba"
0;0;0;0;1;2014;104324;42651,72429;803,44869;32825,07801;1026,72761;42261,03607;803,44869;42556,13076;803,44869;2968,93651;0;3982,62464;0;123045,43167;174,73943;123105,29825;356,65341;34658,6019;194,98138;0;480,95172;1104,05205;0;20179,73953;0;14717,34937;803,44869;4569,95456;0;304,454;0;26307,37629;966,0702;196,7881;0;5645,13705;60,65741;0;0;0;0;697,54605;0;386,68822;0;NA;-2909,06993;181,91398;32825,07801;1026,72761;0;0;-295,09469;0;25806,13419;966,0702;1985,03525;0;175,01862;2,8421709430404e-14;175,01862;2,8421709430404e-14;-8753,09157;405,1929
0;0;0;0;1;2015;96203;41842,8514;1731,3573;33192,96011;1742,66208;40524,92176;1731,3573;41331,39196;1731,3573;3360,15496;0;7427,72259;0;115203,83398;96,8435;121809,00283;131,08904;39456,00773;194,98138;0;36,829;1390,845;0;23843,51745;0;9107,12856;1731,3573;4720,41065;0;342,98886;0;25848,04175;1616,03053;78,39481;0;5409,23771;126,63155;850;0;0;0;784,53281;0;1146,25484;0;NA;3245,01389;34,24554;32342,96011;1742,66208;850;0;-806,4702;0;25426,65808;1616,03053;2269,4903;0;1151,14784;5,6843418860808e-14;301,14784;5,6843418860808e-14;2022,84519;45,5503200000001
0;0;0;0;1;2016;97244;22013,61303;43,16066;25033,48494;309,91015;21891,90065;43,16066;22096,01772;43,16066;3748,77673;0,5;1129,3382;0;117136,72465;106,42926;125447,52073;73,07002;36836,5692;194,98138;0;0,98;560,95132;0;10251,40524;0;4940,50267;43,16066;4738,41856;0;209,3251;0;19830,10554;0;76,05022;0;5048,49123;283,91015;0;375;0;0;489,03379;26;110,82434;0;NA;4562,01935;-33,85924;25408,48494;309,91015;-375;0;-204,11707;0;19544,73022;0;1604,73993;0;-334,145620000001;0;40,8543799999993;0;8711,22946;232,89025
0;0;0;0;1;2017;88196;25045,71791;46,02741;18726,7025;0,09;24055,96213;46,02741;24147,62231;46,02741;3120,40986;0;4502,34495;0,5;110237,60293;24,15539;111345,73613;96,27076;35100,03229;194,98138;0;0,696;623,58404;0;13944,49628;0;4478,9201;46,02741;3429,22257;0;173,67826;0;13875,23616;0;40,47705;0;4556,77998;0;0;0;0;0;162,41265;0;0;0;NA;-2012,27666;72,11537;18726,7025;0,09;0;0;-91,6601800000001;0;13661,08085;0;1671,39932;0;132,27371;0,09;132,27371;0,09;-3828,94712;26,67796
0;0;0;2;0;2014;25355205;7047660,40131;860711,30174;3445364,62507;414496,92773;6700256,79958;830015,45541;6714244,0946;834094,15112;1706682,6506;359212,58506;1369431,45267;466561,43303;17066980,75945;1046702,82005;20966805,53034;1426765,44758;16289480,2543;3395721,59545;10341,71549;191556,69171;513925,785;17463,74058;3137897,49426;192755,36346;2269174,72713;576697,551;424867,49357;16586,7708;276145,88166;1906,43206;1887547,193;287846,92754;36175,81891;62,27162;1016349,05281;51621,8542;0;0;0;0;389669,13951;17758,67916;197928,99103;738,56947;NA;2193142,12029;20850,04247;3445364,62507;414496,92773;0;0;-13987,29502;-4078,69571;1575225,49243;285878,22386;368378,59464;30590,72528;151799,23975;57269,46683;151799,23975;57269,46683;-39722,20328;41197,10149
0;0;0;2;0;2015;25442618;6198980,93528;739602,99314;3481019,47279;408112,40445;5813740,04048;703053,5663;5829237,32906;706817,62661;1792838,45211;386940,3292;1617496,38094;446536,01365;17201527,89486;1011439,40129;21148677,6498;1434546,57978;16169291,54322;3409314,56198;14373,38412;188470,60202;522632,60915;16786,48405;2613469,92455;180559,2114;1926460,50567;465741,96136;409661,36697;17394,84002;335928,71918;865,36903;1847238,88467;274820,76403;34171,93403;86,02461;988687,23568;53627,58248;50081,333;16,506;108,517;0;408115,90049;18865,09681;207649,40124;472,41396;NA;2154311,30283;36166,84929;3430954,64579;408003,88745;50064,827;108,517;-15497,28858;-3764,06031;1477138,23146;273869,37039;357012,92272;26335,12978;236977,45195;60798,96113;186912,62495;60690,44413;1053846,22128;151212,27425
0;0;0;2;0;2016;25569293;6360787,84255;695079,42197;3298801,84022;330233,17134;5975823,16515;670020,08727;5988532,59774;674689,95529;1757417,34947;388277,23805;1412672,16883;385897,00954;17069746,22729;998949,76241;21016417,66281;1466610,09604;15921809,54326;3359223,27042;11199,97437;214216,54769;553548,85894;14110,89342;2702727,45025;160756,50223;1942469,12611;451183,90508;410497,96578;16226,76126;319251,17532;1325,06468;1821766,96391;223637,12737;31673,25275;39,061;866211,47628;41165,43393;3835,27125;15933,432;83,76973;46,0725;439403,57413;18066,54451;209086,47028;223,2842;NA;2189254,08605;79383,09558;3310900,00097;330195,47411;-12098,16075;37,69723;-12709,43259;-4669,86802;1470842,53584;222273,00169;379289,19666;32411,8933;171419,8259;47364,06553;183517,98665;47326,3683;539940,25255;100433,85449
0;0;0;2;0;2017;25569903;6970962,73371;719508,34978;3337103,3449;321168,93155;6558449,82239;690255,64564;6572583,90157;693758,17471;1732155,12912;349307,99786;1751897,22716;394869,86317;17196915,20425;986643,21916;21164515,21277;1469557,88506;16003714,96289;3213815,78817;9161,45995;219194,61413;574475,88004;16445,37479;3100663,9426;167000,19957;2092651,19531;465750,15555;427507,40367;16094,23685;339801,80022;1070,74397;1872235,09491;222225,03033;33842,59571;35,77277;821800,57297;33926,77994;2222,45489;25978,03449;66,83626;87,85866;487848,68718;18758,18476;206080,12421;1224,63238;NA;2235444,8794;133606,66804;3360858,9245;321189,95395;-23755,5796;-21,0224;-14134,07918;-3502,52907;1498590,69898;221118,51359;377285,47995;28468,20795;155218,98984;46258,93652;178974,56944;46279,95892;353482,71775;130137,11298
0;0;0;2;1;2014;1900610;599657,7416;55533,70941;299593,92842;31534,89276;579083,34213;53435,36335;580124,12546;53508,01987;123452,45906;15245,5594;126431,57208;26957,50939;1774738,55989;32166,98083;2033777,16538;68430,35391;1235929,71401;150321,2445;283,83347;10394,31737;48682,76973;1477,12965;292749,42576;15158,57882;170771,3191;30908,40214;39677,49759;3781,99978;25124,84851;99,75586;164648,33166;23211,30008;1614,41154;0;76159,53023;2286,5844;0;0;0;0;49825,12319;1665,88833;10722,73943;0;NA;135586,14643;21017,81368;299593,92842;31534,89276;0;0;-1040,78333;-72,6565200000001;137909,07161;23111,54422;28243,11328;2181,90948;8960,94334;4371,11995;8960,94334;4371,11995;-38046,09467;23976,50642
0;0;0;2;1;2015;1895795;503367,94381;60292,72878;316584,15029;31261,34179;479236,89067;55001,46062;479993,53914;55109,82256;118698,90118;15282,79315;135922,19544;27154,43535;1739032,83942;40461,3435;2042361,03948;65387,08131;1249944,32257;152962,03038;402,41214;8250,15767;47345,51903;1799,48728;232585,28923;11004,60008;140477,00542;34694,20371;34443,61293;3593,88406;30447,39034;306,51374;151645,20138;20749,66274;1234,20242;0;92275,22248;2682,3944;3335,547;0;0;0;61906,23866;409,6504;9748,93272;0;NA;184629,29888;9642,94466;313248,60329;31261,34179;3335,547;0;-756,648470000001;-108,36194;119963,60862;20443,149;25142,11253;4017,64743;10757,48777;7419,63425;7421,94077;7419,63425;133767,7008;7765,99302
0;0;0;2;1;2016;1896724;542754,10066;44341,01076;304938,25372;25870,96959;509186,53882;40317,35974;509516,3412;40545,87593;134253,00474;18552,91086;114357,45418;22053,03169;1705492,54699;34472,44509;2018940,94282;58849,49128;1231825,80316;142301,63555;190,81249;7562,7338;57376,56531;1280,07048;242241,00796;12688,54387;140069,76536;22959,1665;35994,76614;1013,83956;32678,16882;27,3967;137759,57811;17816,14739;1162,52006;0;70569,05708;2619,1434;173,86;801,62455;0;0;77989,45618;190,08034;6938,1139;0;NA;179195,39109;5824,13533;305566,01827;25870,96959;-627,76455;0;-329,802379999999;-228,51619;103918,88923;17788,75069;33834,23643;2604,25552;18620,16235;5245,59846;19247,9269;5245,59846;55736,99833;9407,12585
0;0;0;2;1;2017;1867027;565425,98662;32665,49086;301044,37686;18144,35663;540372,04628;31076,39831;540912,26952;31098,69312;118212,26644;19772,85631;125675,43345;16221,20826;1687114,90747;29895,61538;1980622,59093;59097,45965;1228183,94937;126557,64839;464,34634;9442,42644;70712,17463;350,15223;254738,52033;7771,27122;143836,563;19758,51616;34990,33244;991,6516;37536,22198;7,57423;145836,92397;13075,5358;911,66171;1,0954;58751,26222;1852,4823;643,37337;1753,347;17,77091;0;84982,91343;133,40317;9260,17503;0;NA;175295,41702;9428,98796;302154,35049;18126,58572;-1109,97363;17,77091;-540,223239999999;-22,29481;107389,04028;13066,86617;36634,67912;2227,10191;11473,27724;3082,93536;12583,25087;3065,16445;36589,24071;11129,06199
0;0;1;2;0;2014;1602668;662016,43308;124054,8534;335712,94973;59221,03092;622010,69053;118529,48984;623797,46155;118844,9525;190357,28985;48115,88421;141705,07959;46517,91796;1915977,76431;219232,89997;2272316,57046;271794,38015;1949998,15999;467776,70443;2024,57369;56951,47142;52644,52083;2214,09909;250596,53573;55343,49961;239163,20175;50213,59986;50372,40076;8700,65572;32858,39863;38,0392;178717,13217;46715,85498;4842,62429;0;98517,34147;2645,93518;0;0;0;0;47920,04315;2835,01814;23685,69891;129,8651;NA;165981,5163;4445,59597;335712,94973;59221,03092;0;0;-1786,77102;-315,46266;141016,10925;46677,81578;31020,80248;2373,09822;10558,43294;7024,22262;10558,43294;7024,22262;-18616,88746;-13870,30855
0;0;1;2;0;2015;1615955;556865,49658;89338,95203;316148,88798;32898,00225;520346,54403;86186,19353;521950,28886;86274,89321;192200,35669;55019,10428;132865,98292;28942,66865;1943014,92509;233049,61422;2340783,02978;318620,24505;1919436,15155;444129,02372;2134,41678;64108,21386;51419,49404;2361,58539;197502,96509;26911,57415;198481,0279;47393,68194;45583,59537;6925,97075;38865,3085;25,04737;159371,73956;22891,02586;4419,8211;0;91673,60258;2409,06317;6691,595;0;0;0;43915,94186;1705,83505;21496,78047;118,30853;NA;205567,748;30551,52655;309457,29298;32898,00225;6691,595;0;-1603,74483;-88,6996800000001;116086,60996;22865,97849;28963,20646;2682,08098;21187,60398;5892,07817;14496,00898;5892,07817;97717,12232;3053,24542
0;0;1;2;0;2016;1628137;610532,38612;86214,15329;296039,05191;34051,46915;567980,29878;81585,77013;571569,74498;81832,29075;198472,8159;48223,28661;137637,007;42820,90565;1982683,38531;234128,55933;2360944,94795;331564,31173;1946924,8853;435727,60814;1588,87476;67442,04519;57964,50413;2709,90125;208914,47849;25765,16457;223417,12394;41993,33799;50615,97149;7544,69259;37083,74316;124,20892;151679,10318;21407,88205;4695,90734;17,23484;77613,93715;2318,82767;101,02908;1982,4725;88,28199;0;56460,65377;3114,17222;26041,88963;558,31647;NA;179788,74674;49212,46579;297920,49533;33963,18716;-1881,44342;88,28199;-3589,4462;-246,520620000001;109899,45268;21266,43829;30657,66693;3819,19435;10285,35781;7210,58721;12166,80123;7122,30522;2932,41953000001;39870,6873
0;0;1;2;0;2017;1623910;652001,01627;120949,01783;338100,11937;38071,79456;611439,8075;115192,77989;615327,58888;115589,1153;200984,83539;43128,09524;177263,94255;45148,59236;1955121,84899;230289,79308;2374038,73687;325749,04134;1952841,95603;420012,31501;4928,52205;70265,37584;54809,05726;3265,24323;240025,00006;29005,74161;228461,35169;61230,71011;54503,09022;9688,98056;40895,39368;0;157340,18011;21737,86301;6211,40294;9,463;74460,2227;2458,55241;0;3407,5275;0;0;89416,04237;6551,4442;21988,43113;1044,59315;NA;217932,05249;52331,15302;341507,64687;38071,79456;-3407,5275;0;-3887,78138;-396,33541;110233,38349;21728,40001;37529,08965;12398,43979;16883,67419;7323,93494;20291,20169;7323,93494;81295,09814;14602,52211
0;0;1;2;1;2014;15929;13266,90755;119,53567;9930,79627;33,79475;11685,68389;119,53567;11751,62468;119,53567;1475,19298;11,53993;16058,8119;4e-05;28751,95364;411,46187;33269,11634;602,42605;36581,25533;50,77459;0;290;53,64404;0;9271,17574;67,0534;1263,24178;52,48227;610,82452;0;3869,3664;0;9512,67184;33,79475;13,1442;0;417,92343;0;0;0;0;0;0,201;0;1581,22366;0;847901608;3041,96972;179,42425;9930,79627;33,79475;0;0;-65,9407899999989;0;5630,16124;33,79475;552,738599999999;0;2,42084130519515e-13;0;2,42084130519515e-13;0;15764,67034;93,68337
0;0;1;2;1;2015;16142;14630,2256;82,94;9624,65217;2,40008;14006,07671;82,94;14166,94803;82,94;2028,54067;8,45527;11053,5826;0;30493,01208;409,61328;32813,64695;1397,28072;46156,29726;42,31932;0;605;86,85159;0;12588,648;13,55947;512,83738;69,38053;528,76311;0;292,32407;0;8892,1472;0,6;16,71279;0;512,00497;1,80008;0;0;0;0;220,5;0;619,22406;0;847901608;292,094200000001;979,21217;9624,65217;2,40008;0;0;-160,87132;0;8583,11034;0,6;449,847949999999;0;3,73034936274053e-14;0;3,73034936274053e-14;0;6340,10337;898,67225
0;0;1;2;1;2016;16523;15777,1287;339,65071;6881,00772;10,56829;15777,1287;339,65071;15905,53943;339,65071;2163,08872;10,42511;12,97;0;29991,71765;485,03753;33578,37165;587,42782;44006,17854;31,89421;0;269,5;438,25533;0;13089,03963;3,6336;1005,46285;336,01711;1009,23989;0;416,42427;0;3020,0933;0;1,57939;0;3365,68142;10,56829;0;0;0;0;495,233;0;0;0;847901608;1423,56528;91,96518;6881,00772;10,56829;0;0;-128,410729999999;0;2602,08964;0;363,541729999999;0;-1,24344978758018e-14;0;-1,24344978758018e-14;0;-7459,5857;-237,11724
0;0;1;2;1;2017;16654;8852,63364;308,85295;5876,76468;42,02433;5750,66336;308,85295;5780,04854;308,85295;2268,45206;17,33641;1203,27155;330,853;31483,70215;442,12398;35860,97069;871,75485;42940,99803;345,4108;0;498;317,2674;0;2543,84553;248,19742;1709,08896;60,65553;893,38276;0;581,52752;0;3174,6842;39,80003;1,81415;0;2264,09328;2,2243;0;0;0;0;437,9872;0;3101,97028;0;847901608;2108,81648;412,29446;5876,76468;42,02433;0;0;-29,3851800000003;0;2591,34253;39,80003;316,46389;-6,21724893790088e-15;-8,86235529407031e-14;-4,44089209850063e-16;-8,86235529407031e-14;-4,44089209850063e-16;336,21907;476,31884
0;1;0;0;1;2014;174521;52463,47117;4613,37778;44650,21443;2302,31904;51091,58219;4494,10377;51246,14306;4494,10377;9526,60617;508,04663;5161,77975;969,37401;230190,34759;4640,45536;225016,08131;5231,0863;102249,95035;11053,2731;0;777,0375;2108,18836;0;19307,3064;38,89089;21365,60949;4306,38596;4731,38888;54,84801;866,21689;0;35674,04864;1760,45945;214,89446;0;7474,52126;513,42024;0;0;0;0;844,15317;0;230,92587;0;NA;-14700,87245;82,5843100000002;44650,21443;2302,31904;0;0;-154,56087;0;34592,93729;1760,45945;3733,64993;93,97891;657,49136;28,43935;657,49136;28,43935;-17352,34944;-1259,10042
0;1;0;0;1;2015;174233;56526,8992;2422,80294;50879,29325;6907,87382;55655,2926;2422,80294;56195,21034;2422,80294;9637,4215;521,10763;16191,89528;0;225964,55538;5135,61461;234593,25326;5491,72006;108963,11482;10532,16547;0;614,24944;1607,57923;0;21942,54055;37,12641;24500,59094;2246,61643;4076,30798;68,90326;1193,54315;0;38245,12274;6520,26926;539,6345;0;8667,19734;385,6505;2599,383;0;0;0;1300,49306;0;0;0;NA;-1008,72362;-165,00218;48279,91025;6907,87382;2599,383;0;-539,91774;0;36511,94509;6520,26926;4068,19164;70,1568400000001;2666,48011;1,95406000000033;67,0971100000004;1,95406000000033;9535,56571;4320,0687
0;1;0;0;1;2016;173760;46940,2263;2197,00633;43973,76564;2592,78841;43580,15806;2197,00633;43605,6051;2230,79487;9558,111;574,53763;2891,24275;787,1;226724,80743;4584,87504;237610,26384;6353,3779;101889,98703;10744,72784;0;356,46382;1961,47425;0;19429,48394;846,37957;13946,38833;1077,16211;4315,45596;165,78928;1107,12413;0;35121,66633;2381,18425;318,36963;0;7659,52905;119,2034;350;775,155;0;0;1180,24109;6,65876;0;0;NA;1327,34541;1193,96523;44398,92064;2592,78841;-425,155;0;-25,44704;-33,7885399999999;33696,17257;2381,18425;3952,80262;141,46391;12,3291700000003;85,7420000000001;437,48417;85,7420000000001;1252,1275;2376,84731
0;1;0;0;1;2017;183245;45221,51494;2253,29978;34071,85598;1142,01724;43298,40055;1174,70779;43306,18985;1174,70779;9850,01411;481,10806;11123,38301;751,5;246238,38209;6528,03949;253562,62141;6800,07941;110285,10265;10743,27717;0;958,92849;2372,26442;0;15588,01965;90,03173;13671,54844;849,13351;5029,35928;125,12323;1295,03285;0;25111,01591;1081,10501;322,24578;0;8465,47258;46,3885;98,959;1474,6915;0;0;1782,96691;0;40;0;NA;-2525,77479;-209,06814;35447,58848;1142,01724;-1375,7325;0;-7,78930000000003;0;23493,73728;1081,10501;6644,99806;110,41932;-1287,59942;14,52373;88,1330799999994;14,52373;-2552,05074;-568,850680000001
0;1;0;2;0;2014;3513156;1399299,48275;251781,31948;701979,70812;135584,04609;1322448,49856;248513,06856;1326633,65937;249628,45633;328337,81351;89279,18192;290210,55328;98496,34863;2701297,60118;331652,97246;3426013,29821;449794,74653;2968054,51109;901857,09199;5824,80469;59859,19729;107581,6314;7269,58554;565338,30178;40853,1439;469782,98536;182506,09209;74659,56662;10198,85704;42669,24815;107,71104;403147,99454;100270,27337;7805,79547;0;186201,54583;21122,96393;0;0;0;0;78510,33454;6211,83554;40378,48125;78,61559;NA;396377,88352;28862,59215;701979,70812;135584,04609;0;0;-4185,16081;-1115,38777;352672,95092;100162,56233;109271,17421;8800,77776;34119,83321;7978,97325;34119,83321;7978,97325;-10731,33783;11161,66739
0;1;0;2;0;2015;3529070;1252458,91666;248501,85499;726628,80148;127578,05946;1180012,23449;244389,61103;1185065,90218;245344,0375;327879,34615;87256,95252;315761,18877;108555,2004;2742925,84916;318285,39646;3459407,20614;455240,69053;2969571,0416;900351,52189;8225,12829;60623,90976;106531,78511;5463,36541;454503,86282;42760,54307;439755,02025;176610,49657;73927,33336;10281,01057;55190,56463;71,91532;422996,34098;98136,51646;6555,31635;0;184517,39572;19113,29624;10059,516;0;0;0;80150,54793;3779,75509;39574,84584;69,0908;NA;388602,01083;49698,34155;716569,28548;127578,05946;10059,516;0;-5053,66769;-954,42647;361250,46;98064,60114;110347,90064;10228,62188;38964,51685;6548,49167;28905,00085;6548,49167;178533,08442;37329,74642
0;1;0;2;0;2016;3554246;1262369,03761;239694,46718;669808,5225;132259,6109;1182921,41763;235978,42878;1185917,5739;236853,45801;340313,91188;87860,79289;308467,93691;101830,99168;2729479,14558;314833,94885;3448461,42432;454593,07652;3003389,6573;899010,57692;8744,58698;65456,37132;100462,6441;6373,52472;473139,11395;41595,59135;423501,92237;168554,82835;77328,87189;9004,02648;50074,68113;61,7388;392933,11945;98730,7381;6394,52953;0;168786,13056;17796,09201;580,54271;3244,818;27,90451;0;75703,97671;5848,75685;43085,97753;624,67547;NA;378668,36686;51898,33478;672472,79779;132231,70639;-2664,27529;27,90451;-2996,15627;-875,02923;336463,90879;98668,9993;111485,02159;11325,48711;32385,29578;9884,02394;35049,57107;9856,11943;94575,78866;46294,47018
0;1;0;2;0;2017;3561654;1383491,67881;247362,14129;693558,48243;117522,17714;1301054,80969;243187,81237;1304005,4588;244263,29694;329614,84806;84364,57719;339896,94567;117055,25069;2745419,89243;312114,68893;3462958,79809;445872,26291;3031311,15255;923778,73447;3337,46867;63043,09316;123705,53233;5876,83331;538274,43349;40409,52399;451991,40283;178236,89434;79214,73931;9259,05317;52123,08302;21,60714;401392,95361;91590,9949;6360,9846;0;167114,4182;17371,95555;710,73;4985,648;9,48841;0;95022,45755;1761,28927;44577,50003;43,84375;NA;387924,0576;49392,99679;697833,40043;117512,68873;-4274,918;9,48841;-2950,64911;-1075,48457;342908,88599;91569,38776;110819,35084;10480,99213;30028,65307;6797,93742;34303,57107;6788,44901;37887,80689;36608,28333
0;1;1;0;1;2014;8712;4988,71003;0;3747,54265;0;4988,71003;0;4988,71003;0;796,73257;0;672,8;0;11943,93303;0;13084,65398;0;6230,58284;0;0;0;96,67785;0;1281,98576;0;1427,14563;0;97,86129;0;48,99794;0;2879,31265;0;0;0;262,229;0;0;0;0;0;538,28;0;0;0;249720053;343,988379999999;0;3747,54265;0;0;0;0;0;2830,31471;0;2085,0395;0;67,721;0;67,721;0;-224,379000000003;0
0;1;1;0;1;2015;8707;13559,20424;0;7708,16031;0;13559,20424;0;14025,08113;0;800,02424;0;4000;0;11677,752;0;10982,11803;0;9430,5586;0;0;0;482,16984;0;627,64915;0;357,26078;0;12045,98485;0;93,50388;0;7167,47031;0;0;0;533,09;0;0;0;0;0;0;0;0;0;249720053;-1495,65821;0;7708,16031;0;0;0;-465,876890000001;0;7073,96643;0;512,016509999999;0;7,60000000000048;0;7,60000000000048;0;-3346,70214;0
0;1;1;0;1;2016;8700;2021,77915;0;5306,52846;0;2021,77915;0;2026,55035;0;879,16531;0;0;0;11841,80899;0;10830,19353;0;8551,39329;0;0;0;424,66385;0;603,77009;0;116,364;0;863,05705;0;93,6974;0;2863,02246;0;0;0;1121,072;0;1158,834;0;0;0;156;0;0;0;249720053;-1890,78077;0;4147,69446;0;1158,834;0;-4,77119999999991;0;2769,32506;0;18,6953600000001;0;1166,434;0;7,60000000000036;0;1393,96854;0
0;1;1;0;1;2017;9347;522,81157;0;1503,87505;0;522,81157;0;522,81157;0;923,27506;0;0;0;12277,99269;0;11401,23971;0;7628,11823;0;0;0;0;0;191,30788;0;149,70288;0;181,80081;0;92,3182;0;733,93805;0;0;0;387,24;0;0;0;0;0;378,897;0;0;0;249720053;-1800,02804;0;1503,87505;0;0;0;0;0;641,61985;0;-5,6843418860808e-14;0;3,80000000000024;0;3,80000000000024;0;-818,964559999999;0
0;1;1;2;0;2014;608540;513958,66492;111438,04566;222671,14734;42467,42536;482001,65381;107323,46933;484585,5115;107595,33585;131015,61313;47415,19137;116939,17989;40121,86182;1047527,99666;195021,44791;1331965,90404;269461,40403;1406000,82561;622119,50662;293,08135;47520,78218;32553,05676;3161,70772;246653,25535;33760,99934;158508,82258;59792,4501;29649,29529;7770,47647;14157,64383;0;94742,54931;34334,68952;1600,42793;77,029;57778,43972;2807,10079;0;0;0;0;46338,3617;844,56254;10442,93054;920,55208;NA;153422,29425;27024,76475;222671,14734;42467,42536;0;0;-2583,85769;-271,86652;78984,47755;34257,66052;17221,08152;3109,70222;23811,79661;4481,07251;23811,79661;4481,07251;-20926,04344;-1823,99373
0;1;1;2;0;2015;609113;429203,03751;123519,05501;259562,52246;70238,03133;401006,18381;106169,62477;402017,84458;108028,43543;159563,63565;62233,03833;177158,34045;47880,79657;1088945,7849;195407,75998;1268251,75616;283803,52439;1413081,02406;624495,51516;2043,95833;47905,05034;40038,1615;5150,56985;176099,90943;18842,04683;134453,34167;64616,50684;27411,60935;14615,04611;18756,13916;3,28248;103702,51794;40644,93968;1415,96872;136,169;55985,23633;3017,7813;3212,436;0;0;0;65660,92907;13842,67721;12785,84395;45,5195;NA;19742,33561;26162,72608;256350,08646;70238,03133;3212,436;0;-1011,66077;-1858,81066;83530,41006;40505,4882;24014,82263;4804,2658;34213,83912;12732,63314;31001,40312;12732,63314;27260,16101;20762,49897
0;1;1;2;0;2016;609278;413248,79835;97763,42518;238888,66292;42805,35997;364382,0031;96411,15473;365682,48905;96793,42326;144878,75762;57886,33463;76129,07491;46217,52821;1028231,88427;198659,97862;1255792,82614;295785,4233;1377729,38818;617674,60477;2433,74777;55671,80368;24174,48287;6875,3995;156395,61057;18963,663;129139,92289;59345,17017;32280,87104;7868,4906;18707,07663;4,81624;90262,74579;29244,20534;1563,66391;126,156;49687,49624;2912,24476;205,78807;417,952;56,659;0;50719,2039;5906,92589;12018,46311;0;NA;82682,18425;39239,11005;239100,82685;42748,70097;-212,16393;56,659;-1300,48595;-382,26853;69992,00525;29113,2331;23691,60168;3740,69999;48219,21699;4741,98398;48431,38092;4685,32498;-15548,87627;30498,57305
0;1;1;2;0;2017;610073;422219,57453;123554,57046;226075,30792;41240,51657;378786,77577;120535,34795;382633,26091;121046,02154;136943,20968;65480,01224;93981,39356;66438,27067;1030469,01148;214171,38048;1264098,29241;295747,70826;1324078,83269;633584,99345;1505,37055;67744,81284;38427,46333;7808,35275;148190,69837;32717,54896;147057,18628;68459,73611;27508,6288;8607,89868;21299,09555;0;95392,50283;33437,64814;1476,9937;125,659;51523,01293;2565,8431;632,56647;1315,301;12,201;0;52006,7022;2146,693;14228,4421;216,77625;NA;96686,07125;16096,31554;226758,04245;41228,31557;-682,73453;12,201;-3846,48514;-510,67359;72616,41358;33311,98914;21449,28413;3452,48504;27153,08996;3090,33233;27835,82449;3078,13133;-5476,8018;220,532320000004
1;0;0;0;1;2014;317650;112547,74147;3178,47251;65802,57974;4346,55419;106076,7614;3178,47251;106759,38644;3178,47251;19616,06743;946,11473;31343,32807;0;445804,20448;11001,60524;452491,9407;12772,30528;289697,02934;2396,99309;282,44167;3774,06679;2121,77127;214,06094;46980,59285;66,2002;31933,77757;2124,80898;11020,58969;265,76617;1692,9893;0;48554,62807;4300,09135;1505,2;0;10270,37283;34,04337;0;0;0;0;2510,84885;0;6170,57041;0;NA;-12928,33121;824,585310000001;65802,57974;4346,55419;0;0;-682,625039999999;0;45356,43877;4300,09135;14702,65506;507,63622;4466,72999;12,41947;4466,72999;12,41947;-28330,16487;1992,66699
1;0;0;0;1;2015;326451;91920,49581;5834,2072;72390,37756;777,63337;89778,90968;2322,46379;91007,7799;2322,46379;22545,72322;455,86258;19898,74957;267,68683;456861,89713;11623,60352;479609,50929;18223,60764;287523,73969;2208,81734;189,70399;4346,0372;8961,23603;1179,51254;41579,6104;124,49103;20863,16435;658,65285;7811,4711;232,95205;2007,94573;0;50205,81673;589,69913;1346,55945;0;13886,18264;76,89702;0;0;0;0;4352,39607;0;1383,9588;0;NA;201,888940000009;6144,14154;72390,37756;777,63337;0;0;-1228,87022;0;46851,31155;589,69913;11792,29802;126,85532;3945,98212;111,03722;3945,98212;111,03722;570,520260000007;1355,25454
1;0;0;0;1;2016;327985;69275,93883;2262,78396;65442,1725;508,07484;66373,20738;2262,78396;66546,59935;2262,78396;23616,93991;283,38999;9862,17609;0;460419,83939;11473,77596;482870,44453;15356,70021;273295,29187;1925,42735;123,27884;4560,2037;4656,10664;4,26073;26043,94927;559,18084;19237,17766;1150,02756;5738,58261;279,5617;3577,13167;0;52357,76;424,47724;1175,563;0;10662,7495;31,52405;0;0;0;0;2190,2479;0;2022,80291;0;NA;-1166,33477;3599,53426;65442,1725;508,07484;0;0;-173,391969999999;0;47605,06533;424,47724;10870,78317;269,75313;231,415099999999;52,07355;231,415099999999;52,07355;4862,07498999998;1844,82514
1;0;0;0;1;2017;343157;67946,8922;4306,13547;48279,17353;985,78969;66313,06088;4306,13547;66700,66097;4310,14123;26624,01567;580,0127;16402,82377;0;485315,959;14449,29239;500412,92707;16605,27548;258892,57197;11345,41465;0;5401,04405;3916,15879;709,05585;29940,31178;699,29072;17282,34043;2519,905;6185,07695;137,66365;4208,00594;0;36842,78857;798,09861;1428,611;0;10632,41211;30,15727;0;375;0;0;1137,54131;0;1304,50688;0;NA;-11527,0476;1575,97039;48654,17353;985,78969;-375;0;-387,600089999999;-4,00576000000001;31206,17163;798,09861;9376,77302;244,22601;-333,568459999999;157,53381;41,4315400000014;157,53381;-14791,9425;-1744,37539
1;0;0;2;0;2014;11320943;3402896,52907;269960,68516;1630602,81933;92953,3854;3097278,42478;246495,42354;3107954,75161;248038,88675;976646,39195;88908,09331;1016890,54957;115237,89671;12841752,94352;529541,50366;14595712,30269;677846,76725;10411977,62903;1097653,81528;4301,20614;148859,84655;307471,79878;7179,5437;1541180,16664;69012,42342;775982,86797;137257,00193;266373,24976;10686,59352;78996,98158;332,23706;768163,3477;33206,17942;68491,91286;315,92181;477766,55809;2670,29132;0;0;0;0;255071,21554;9499,94285;174003,24457;1821,47833;NA;777312,96722;59397,17028;1630602,81933;92953,3854;0;0;-10676,32683;-1543,46321;620674,45326;32558,02055;216946,66846;23903,32418;129601,698;47576,97181;129601,698;47576,97181;21909,8070500002;-2372,23277000001
1;0;0;2;0;2015;11456420;2885689,45539;254080,0214;1518962,57664;61413,18446;2616387,35594;244534,88426;2632808,29448;245574,4149;1019458,90516;88942,19365;889226,15309;106083,64991;12830955,97988;515259,74121;14809354,7887;706182,0746;10495088,99737;1091455,37665;1930,61392;152300,03629;263914,59538;6340,52758;1275110,41635;83465,83744;639944,01094;137775,55243;249849,06618;7062,26304;86484,83417;112,08176;666522,20015;30778,2725;60389,91732;373,76865;451206,51241;2382,7186;66636,195;0;0;0;222063,57248;4588,41212;154354,41501;1117,59876;NA;958939,90366;101980,13974;1452326,38164;61413,18446;66636,195;0;-16420,93854;-1039,53064;519647,44866;30292,42209;203990,20563;10930,23441;179170,2916;23663,78124;112534,0966;23663,78124;481439,178;15396,95271
1;0;0;2;0;2016;11524156;2743921,50387;270549,58991;1436540,57241;169351,60867;2486501,48067;212497,37762;2498650,15572;214272,69302;1067203,73106;130383,41535;695555,83352;120203,77712;12653794,45215;509570,12079;14662719,83921;677113,9013;10449990,67802;1069023,04806;6642,50164;161430,37972;251971,63392;4939,34518;1151631,18866;73439,7371;655671,609;120310,8359;265144,62819;7007,94164;89704,68655;13,80896;634955,41615;35433,3005;57883,7461;416,85079;399038,90538;2175,76679;1007,65425;30439,9145;0;0;319361,14;8362,38225;159177,39467;872,83373;NA;941721,656;37160,36516;1465972,83266;169351,60867;-29432,26025;0;-12148,67505;-1775,3154;487366,9835;35002,64075;174231,09595;8574,83320000001;83185,11088;123380,15913;112617,37113;123380,15913;329896,55806;56166,16104
1;0;0;2;0;2017;11624519;3099992,87436;208928,27188;1388798,00444;69369,98011;2800937,72767;197054,27632;2811702,80349;197826,59846;1011113,70552;118443,89096;834062,3922;70757,17461;12675115,84455;413573,45256;14586281,5008;586192,65661;10373704,83961;902709,26001;4412,66306;152409,54118;291501,15888;1894,92181;1393839,27728;48270,34506;659597,68431;125485,06114;272000,10954;7803,92696;98153,90075;131,45015;593894,60105;38665,66229;59086,00096;435,98387;351376,23274;1821,15117;0;33210,66;0;0;325571,73409;10059,38796;162344,12606;831,4695;NA;900051,95073;54175,31309;1422008,66444;69369,98011;-33210,66;0;-10765,07582;-772,32214;436654,69934;38098,22827;194764,57348;14372,34349;117955,43656;18823,77869;151166,09656;18823,77869;22919,4730099999;-14625,80407
1;0;0;2;1;2014;9960411;4381629,5951;188732,90009;2174840,67376;85632,67836;3512332,44401;129317,87185;3545949,81233;129920,86101;1058172,84214;42412,48543;1569677,97264;58505,88285;15565109,15524;407068,33717;17138067,11278;474277,0211;14364946,86223;465999,14985;37860,17413;79993,89779;323026,64411;95,19572;1850058,35993;16681,70153;643757,37638;106119,25082;231363,42745;1871,72358;81239,68846;0;803922,52241;46922,44618;58308,52151;0;530520,32185;13554,68601;0;0;0;0;489212,10418;11866,99767;642507,73391;536,63733;NA;514785,1154;24796,1985;2174840,67376;85632,67836;0;0;-33617,36832;-602,989159999998;664374,31244;46922,44618;497744,00446;5152,98936;351185,72532;13288,5485;351185,72532;13288,5485;-122325,8333;-19798,14038
1;0;0;2;1;2015;10014138;3863528,39534;156751,63208;2188511,87633;69809,55541;3015179,02007;112135,0618;3034008,81674;112936,93407;1114788,86777;41377,16902;1665121,79733;48245,81734;15496933,59888;401799,09647;17141256,09457;519967,74486;15094379,99526;520361,44259;42689,64603;96455,90707;344768,72326;729,80625;1598529,5127;13213,80554;530829,07159;92530,90189;230370,42909;2090,32336;122486,30339;0;674198,36353;38271,87341;58788,86075;0;488769,34937;19179,56327;109971,11;0;0;0;610273,80551;1163,88091;408675,26138;755,39314;NA;529533,62792;76791,47937;2078540,76633;69809,55541;109971,11;0;-18829,79667;-801,872270000001;492923,19939;38271,87341;329511,0801;4372,09703;415270,35792;11194,23782;305299,24792;11194,23782;519638,90624;38095,22004
1;0;0;2;1;2016;10067038;4010377,72017;101858,5306;1973350,22583;41492,7316;3252273,65141;74248,89847;3269103,59989;74559,49667;1190254,33121;27047,06967;1781904,20187;19787,67503;15217539,18905;359617,2471;16821444,0599;429016,28287;16001405,48841;353913,71001;58753,44156;75430,46903;490356,83956;23,6225;1639783,77579;6116,30187;611861,24601;62344,54187;213398,69818;3043,76526;125178,96105;0;593797,21775;21312,21161;60300,30011;0;434628,17156;5181,70213;3891,671;54403,6845;0;0;761173,98016;5210,24404;428894,24146;312,4;NA;413650,539639999;42351,9661;2023862,23933;41492,7316;-50512,0135;0;-16829,9484800002;-310,598199999999;408317,95659;21312,21161;313703,04035;3031,26517;183750,85636;9788,57382;234262,86986;9788,57382;158527,247169999;1773,84213000003
1;0;0;2;1;2017;10156885;4275810,39555;119923,40711;2136380,3206;82836,66356;3448080,53646;78808,28015;3468210,60142;78808,28015;1191644,76244;44130,35326;1770443,61001;23693,39316;15249530,98635;351811,27275;17043485,14867;425996,57639;16691870,18198;319119,17564;62663,49096;81282,81815;581117,85086;351,20613;1720703,45967;6469,02929;623123,52687;62293,91095;235686,3296;5563,98691;146735,63982;0;648220,69986;36479,76111;61097,78658;0;416723,34736;3287,25063;1565,61015;57694,981;122,8999;0;870908,92882;3222,86616;395216,48733;589,53319;NA;602309,39988;30054,95038;2192509,69145;82713,76366;-56129,37085;122,8999;-20130,06496;0;440387,27346;36479,76111;307579,43442;4130,14687000001;200527,34456;39846,78566;256656,71541;39723,88576;233322,93494;16661,59999
1;0;1;0;1;2014;55918;15363,15411;3520,83938;10849,57002;3611,2794;15354,77453;3520,83938;15399,8117;3520,83938;3216,82989;293,41061;3212,368;0;50200,86624;987,17033;59476,99578;1693,65305;46111,42329;653,61514;0;558,51244;155,5316;2,99217;7364,82591;5,51786;6278,0752;2854,08349;1193,45268;45,73308;236,81284;0;8098,00908;3430,88053;77,286;0;2371,96033;180,39887;0;0;0;0;86,19;0;0;0;449771544;6059,29965;413,07211;10849,57002;3611,2794;0;0;-45,0371699999996;0;7783,91024;3430,88053;407,92631;612,51278;293,410610000001;0;293,410610000001;0;4758,08356;503,51213
1;0;1;0;1;2015;55886;15003,638;12951,94128;11143,27986;4221,98535;14980,36443;12951,94128;15197,47108;13178,53144;3407,65523;361,46939;5000;0;55351,89422;2074,1711;60313,32478;1988,86069;47703,76806;653,61514;0;1407,125;52,692;56,08131;10285,7182;6,86584;3360,6287;13029,61241;1197,00353;51,2024;240,52224;0;8123,22555;3780,71117;94,041;0;2305,81431;441,27418;0;0;0;0;711,24;0;0;0;449771544;1553,77533;-446,7798;11143,27986;4221,98535;0;0;-217,10665;-226,59016;7788,66231;3780,71117;301,428650000001;34,7694800000008;3,00000000000123;-1,13686837721616e-13;3,00000000000123;-1,13686837721616e-13;2693,41719;-9176,73573
1;0;1;0;1;2016;56800;10138,02727;4993,961;9720,07887;8038,47172;10029,30399;4993,961;10185,41329;5269,23845;3482,81753;312,00264;1367,588;0;60767,8098;1672,35246;59483,15661;2457,31573;45640,90844;653,61514;0;1111,72632;423,75611;5,44476;3642,76944;20,80288;3901,07182;5176,50177;1784,17038;25,63829;390,68904;0;7147,86051;5870,23755;127,1;0;2254,13759;2143,92781;0;0;0;0;254,18551;0;0;0;449771544;-4767,47072;472,96063;9720,07887;8038,47172;0;0;-156,109300000001;-275,27745;6630,07147;5870,23755;433,64554;40,8507499999996;63,8952600000004;24,3063599999996;63,8952600000004;24,3063599999996;-3817,83112000001;3517,47135
1;0;1;0;1;2017;59124;12234,21314;3601,99436;8442,92026;1978,69595;11969,15014;3601,99436;11979,99414;3601,99436;2935,72997;0;0;0;56623,11336;1708,10425;59217,69735;3148,79992;42705,17847;653,61514;0;1258,10278;1471,71457;0;3007,09506;2;6164,46672;3486,53649;923,60264;78,85787;352,92659;0;5265,04239;1124,96407;119,978;0;1489,2035;853,73188;0;0;0;0;58,96;0;0;0;449771544;-341,145979999998;1440,69567;8442,92026;1978,69595;0;0;-10,8440000000001;0;4792,1378;1124,96407;413,115149999999;34,5999999999999;1629,71437;1,13686837721616e-13;1629,71437;1,13686837721616e-13;-4132,43885999999;-182,60274
1;0;1;2;0;2014;9071024;3071391,96849;269780,46528;1569013,21617;145754,35637;2604818,45603;251234,19369;2618465,9378;251462,97992;1120382,87255;73056,35978;1267888,80934;90081,89285;11666548,2267;490868,26185;13070632,04375;624412,27741;11765881,70976;1180866,81641;9755,72884;148649,72485;246341,80133;12745,47161;1284084,44148;94126,23404;619947,25569;100531,90399;237729,0135;10660,40231;58699,78477;649,32468;657039,28566;112041,05673;100866,467;2296,592;392183,81312;6801,04715;0;0;0;0;289715,28212;6653,02142;248586,24721;7678,48419;NA;283700,9445;60487,65578;1569013,21617;145754,35637;0;0;-13647,48177;-228,786229999999;497473,03389;109095,14005;230363,4258;33398,96797;230074,83527;20259,23107;230074,83527;20259,23107;49211,0015199999;26543,43972
1;0;1;2;0;2015;9088106;2600842,98105;199975,21609;1595659,59063;89767,42314;2074782,45587;183309,68008;2091801,52505;183711,0157;1140546,71463;78844,41033;944264,96779;82227,85332;11669971,3322;524823,19978;13241199,88174;654400,45575;11799293,134;1035546,23435;12726,1052;181279,7985;196642,99312;9608,35482;993391,62465;44484,15217;527727,34565;113058,95336;199539,48969;9238,87514;70458,16592;420,03101;571340,77747;67853,514;82563,65734;3702,894;355267,92228;3127,86639;74679,016;0;0;0;319393,41138;4414,65437;244726,83048;4313,90781;NA;430681,83491;50732,84564;1520980,57463;89767,42314;74679,016;0;-17019,06918;-401,335619999999;418318,95421;63730,58899;174500,07194;7320,68021;349657,4795;14371,38838;274978,4635;14371,38838;369763,41228;22752,90601
1;0;1;2;0;2016;9104118;2463076,646;212085,32435;1300632,90792;75962,85302;2028813,10286;193091,81354;2038274,56761;199211,23032;1123436,27353;84628,58046;894134,84969;103840,05442;11326971,29432;532910,83144;12896610,63182;710663,34576;11688461,42541;1012148,69715;7114,21507;186089,11593;199939,75874;10778,8458;932889,83636;72756,48154;524942,85466;98791,37585;195355,4126;8945,96335;82096,04061;809,65109;517615,3295;51091,85007;67555,762;230,896;296790,13722;4786,03138;8623,81099;33768,65;0;0;254304,32524;7239,76695;244793,6437;4954,3799;NA;446203,06397;93123,93386;1325777,74693;75962,85302;-25144,83901;0;-9461,46475000003;-6119,41678;367963,52689;50051,30298;185146,70525;7938,56378;231923,11596;12845,20462;257067,95497;12845,20462;177894,17558;60841,51695
1;0;1;2;0;2017;9098720;2657652,62227;167135,63915;1231004,88105;51118,59546;2200624,02172;159740,46483;2208066,10388;160306,47465;1107106,94662;77264,95641;1010041,54136;53398,11524;11214218,27183;492589,01722;12813604,63229;641907,37653;11386057,10288;882810,27578;8025,10465;173748,9361;254402,88025;13445,5359;992825,46679;29118,71965;555979,78434;101555,92941;223243,16964;8291,1006;86098,25028;0;518644,55163;28674,69619;69323,48708;0;276963,13106;3081,54592;586,51918;41294,1505;0;0;275322,93286;7036,87291;251935,82102;739,9041;NA;492279,41384;72053,4029;1271712,51237;51118,59546;-40707,63132;0;-7442,08216000001;-566,00982;363222,81427;28674,69619;181614,80286;7895,18909;160074,2655;12325,48044;200781,89682;12325,48044;75673,2139800001;9434,47445
1;0;1;2;1;2014;131915;59203,18136;2166,89306;22400,82668;337,99736;58366,0741;2166,89306;58366,0741;2166,89306;11142,63867;490,11769;9168,04697;81,206;176291,9952;6445,62691;209833,81722;17191,36716;89438,63286;4620,08115;0;1242,16106;1186,14737;0;24652,07197;196,87757;19082,12912;1808,60626;10824,19047;36,35671;685,78205;0;9396,92667;59,79;727,913;0;7612,33972;42,306;0;0;0;0;3630,05378;0;728,53859;0;1449855698;22399,18335;10255,62256;22400,82668;337,99736;0;0;0;0;7983,23162;59,79;2621,53517;125,05252;1761,50651;235,90136;1761,50651;235,90136;-5235,12435999999;8507,93286
1;0;1;2;1;2015;130976;54493,79426;2751,53918;21146,11072;462,14008;50452,50763;2751,53918;50452,50763;2751,53918;10655,80976;247,49463;8455,21341;5687,632;177787,66449;8202,45467;215358,24696;9320,33466;89969,37165;10060,21852;0;1225,66745;3430,20018;0;18197,40817;632,93125;19385,19093;2040,31281;6022,9102;46,91718;1455,42803;0;9347,07166;115,885;762,819;0;6134,90102;89,51651;0;0;0;0;4489,38119;0;1580,15079;0;1449855698;26914,77271;870,38536;21146,11072;462,14008;0;0;0;0;7128,82463;115,885;3416,79815;31,37794;1174,75685;256,73857;1174,75685;256,73857;2022,30258000001;4268,61826
1;0;1;2;1;2016;130333;50477,84158;2620,33214;22984,09198;738,63133;48370,02744;2620,33214;48744,43488;2620,33214;11601,46827;443,02867;11944,07943;6020,45;176949,1034;8594,4441;212496,86885;5107,00346;89948,12521;15637,63985;0;1156,39783;5036,14015;41,34773;21713,92734;534,77035;14397,08858;1832,52129;4754,0727;35,58873;2466,60969;0;9004,024;347,31833;755,894;0;9620,78732;178,07011;0;0;0;0;2701,59768;0;1928,72319;0;1449855698;23946,29718;-3930,46931;22984,09198;738,63133;0;0;-374,407440000001;0;5781,52031;347,31833;2843,20611;176,10404;1657,68298;213,24289;1657,68298;213,24289;8396,62701;208,279880000001
1;0;1;2;1;2017;130470;47999,08063;5527,73938;31990,62798;418,46856;46070,70706;5527,73938;46074,18281;5527,73938;11137,19161;1994,12626;6018,11855;2659,622;172874,03347;7974,13448;208592,34427;13352,3164;84812,79092;16364,81359;0;984,31934;4728,5073;7,27872;21791,41342;365,61485;12628,50974;4691,65084;3709,05383;51,37697;1795,72931;0;7694,18272;239,4905;925,108;0;6717,41684;115,453;0;0;0;0;12401,28331;0;1878,05013;0;1449855698;24581,11919;3384,05566;31990,62798;418,46856;0;0;-3,47575000000052;0;4973,34541;239,4905;3216,69852;411,818;5177,74511;63,52506;5177,74511;63,52506;14590,78509;934,40684
1;1;0;0;1;2014;1061933;263837,9358;35967,10051;156218,76761;9383,71293;251572,56312;35967,10051;252749,03328;36054,96503;89384,32096;4810,49508;104879,2873;24882,5;1323760,81966;17190,32247;1393246,22754;33574,42004;1075598,69345;120382,96701;0;7524,61838;18413,22871;222,89878;89208,94334;5932,48228;94418,23968;26550,53505;22099,40361;249,47501;9555,83808;0;91814,24977;6450,73042;4557,992;0;38607,17276;1303,08365;0;0;0;0;16498,50673;0,778;6712,78103;0;NA;-19898,91308;11573,60249;156218,76761;9383,71293;0;0;-1176,47016;-87,8645199999996;77700,41969;6450,73042;28609,21794;3099,57391;9298,83835;1629,12086;9298,83835;1629,12086;-22638,79397;9872,71491
1;1;0;0;1;2015;1062793;283852,61076;37533,19075;196354,09022;18998,53752;270405,14738;37381,8761;272401,9174;37473,83804;90138,29709;5274,80004;98994,97414;18922,768;1336536,40578;17848,50454;1427136,26749;33310,13942;1093689,33146;134030,93497;0;9686,52287;21270,71922;113,5855;109875,90384;6174,67845;89688,86638;27899,42911;29179,40137;205,7364;12045,57807;0;127809,99778;17275,2889;4235,277;0;36016,5249;769,53894;10264,615;0;0;0;17094,66205;0;4899,10713;0;NA;461,564619999995;10186,83484;186089,47522;18998,53752;10264,615;0;-1996,77002;-91,9619399999997;111529,14271;17275,2889;22387,02659;3080,40858;15432,90549;953,70968;5168,29049000001;953,70968;11958,01822;10574,94961
1;1;0;0;1;2016;1060927;251493,18265;33215,82504;174584,21904;13986,43566;235826,37093;32801,10504;237412,90956;33925,51731;96595,05178;6195,74954;73771,86421;9800;1364198,79834;22061,22444;1440201,53989;35318,85046;1086164,50742;137086,64971;0;12554,76302;20345,49883;0;89902,69113;2008,60115;76297,57263;29322,7816;24336,34949;180,20091;10685,41753;0;112153,30681;10156,46668;4322,797;0;39207,37051;1021,70765;0;5132,3075;0;0;22601,51565;12,038;7836,743;0;NA;-20592,31023;7061,87648;179716,52654;13986,43566;-5132,3075;0;-1586,53863;-1124,41227;97145,09228;10156,46668;26530,79748;2413,93365;622,02607;2796,22333;5754,33357;2796,22333;-23729,40963;-2367,5129
1;1;0;0;1;2017;1035992;235453,68295;28715,25996;134047,72699;7002,03395;217416,10114;28715,25996;218068,56239;28715,25996;106824,42601;6413,56192;117881,53485;26777,82301;1341539,03215;17413,73899;1418569,86266;32427,63131;1081753,86035;156130,9108;0;9258,54859;24828,65032;4,00578;77549,05615;945,41687;66234,51058;25643,23511;26728,12994;98,72842;11186,32878;0;90161,21936;3590,70825;4533,634;0;30260,45195;664,6375;0;5132,3075;0;0;16970,7994;0;7682,53338;0;NA;-29793,5955;8600,3304;139180,03449;7002,03395;-5132,3075;0;-652,461250000003;0;74441,25658;3590,70825;22728,2154;2023,87378;-3344,74372;2746,6882;1787,56378;2746,6882;-13318,0166100001;13664,9274
1;1;0;2;0;2014;505479;136718,75944;24635,64687;71144,34107;2837,94869;127409,6564;24423,06747;130451,85566;24451,7226;55350,06735;10532,18752;36231,82152;13987,66175;561903,87247;39288,16136;653261,81491;50436,01552;462096,78859;106825,97467;120,57575;8900,47815;12834,55083;235,50843;49843,73463;9888,55966;48297,21329;13288,30202;9963,14925;309,63308;4088,30523;71,91708;30387,46851;1863,97228;2994,474;0;20300,6736;244,07436;0;0;0;0;13660,74413;453,17499;5007,69176;0;NA;36007,87509;615,666639999999;71144,34107;2837,94869;0;0;-3042,19926;-28,6551300000001;23304,68928;1792,0552;9513,20766;729,71941;6795,45483;276,72706;6795,45483;276,72706;6665,27823999999;-7194,36979
1;1;0;2;0;2015;506177;134447,50102;21749,92147;64495,9886;5429,98885;116085,51785;21100,35021;117448,82119;21200,81835;47228,16715;5964,83984;29584,09834;10409,63601;553400,52953;35407,54076;649806,20534;50548,51352;450155,41682;102083,93055;752,8803;7252,11243;13573,23948;286,97014;42894,48706;9619,34556;44084,0573;10489,77878;11608,86153;448,73664;4715,65059;0;24959,19407;2568,51097;2994,208;0;19419,54924;216,49804;3614,154;0;0;0;13293,35685;22,49334;6400,88451;0;NA;49177,50866;9176,13292;60881,8346;5429,98885;3614,154;0;-1363,30334;-100,46814;17249,33548;2568,51097;5288,17582;355,98723;6823,88844;2622,4865;3209,73444;2622,4865;8810,09458;3265,83631
1;1;0;2;0;2016;496488;123170,15327;19049,39055;59839,33603;2463,29592;104507,33346;18851,15629;104624,2818;18872,88246;44801,68324;7139,82705;36570,71401;6893,38483;528689,5067;31727,34209;619599,15017;46666,97429;430272,91459;84944,49122;862,56602;5885,23559;12057,63458;267,65886;44131,90034;7576,37249;33874,83087;9765,57693;9566,03985;529,0026;4809,88178;0;27861,95008;1725,67766;3026,815;0;16515,86783;7,217;0;1762,577;0;0;8456,64306;17,73692;7054,4541;0;NA;46107,96023;7799,80515;61601,91303;2463,29592;-1762,577;0;-116,948340000001;-21,7261699999999;20025,2533;1725,67766;4993,87616;734,27158;7004,87506;712,66434;8767,45206;712,66434;19347,857;-1892,90465
1;1;0;2;0;2017;496384;132572,63878;19992,36744;55740,40923;4983,027;118951,81028;19575,30528;119180,93945;19591,99515;44590,70185;6473,53783;34986,4454;6350,28765;530132,52844;30384,50426;616059,49256;43732,57035;422356,71407;83952,11982;1070,07575;6353,41913;13353,49676;505,15122;46798,52582;4652,84774;41055,62813;12382,84143;12220,55427;826,84911;5712,94814;23,306;24595,43705;3906,87256;3426,626;0;14489,69071;6,95295;0;1807,077;0;0;13940,1448;586,759;10351,05128;10,58618;NA;41336,26227;6874,52826;57547,48623;4983,027;-1807,077;0;-229,12917;-16,6898700000002;15455,86291;3883,56656;5752,73447;1224,30565;2715,13667;482,44249;4522,21367;482,44249;-509,521880000025;-1784,52453
1;1;1;0;1;2014;164779;70706,08681;2977,44904;33444,60364;161,7979;62887,75898;2977,44904;62922,07034;2977,44904;14615,1024;1425,17403;23916,479;0;198436,32134;976,68836;216453,35967;2268,18471;188248,50146;10512,91465;0;1040,40404;7326,90124;0;18325,29433;0;18253,54493;2904,91407;3214,26234;0;2656,55784;0;18666,99365;0;506,81921;0;10435,26438;0;0;0;0;0;2806,31583;0;7497,53165;0;699521709;3401,93593;-133,67768;33444,60364;161,7979;0;0;-34,311360000007;0;15503,6166;0;15802,0675;72,5349700000002;1536,02978;161,7979;1536,02978;161,7979;-9943,06824000001;-2949,32882
1;1;1;0;1;2015;166628;78434,11086;6106,66579;63605,12639;5592,15344;64709,24401;6106,66579;64713,51484;6106,66579;16242,18388;538,93095;20775,836;4502,7;208199,02756;969,98459;223661,11136;2148,18359;192782,15357;14476,6837;0;1797,78389;8139,32696;0;17081,28814;0;18961,45893;5854,61931;3485,57001;0,65127;2792,57196;0;27620,13901;5314,21855;465,374;0;8524,0792;172,87926;4512;0;0;0;22582,46861;0;12501,43745;0;699521709;-780,100080000015;639,26805;59093,12639;5592,15344;4512;0;-4,27082999999993;0;24362,19305;5314,21855;17045,8708;251,39521;4878,43957;105,05563;366,439569999998;105,05563;5166,75144999999;4627,4557
1;1;1;0;1;2016;166724;55646,49356;682,58601;35137,85422;725,61282;38879,86826;682,58601;39184,78342;682,58601;20198,18399;632,98312;14949,512;0;200958,13205;955,25747;224128,75673;2443,68141;187533,48157;13843,70058;0;1533,88097;4922,4464;0;17553,15894;0;10597,13779;607,45402;1287,66499;4,74061;2433,08595;0;19815,7431;0,49184;401,505;0;8616,89553;712,92786;0;2256;0;0;7979,19326;0;12952,3849;0;699521709;2972,44069;855,44082;37393,85422;725,61282;-2256;0;-304,91516;0;16981,15215;0,49184;4824,3753;70,39138;-1273,97767;12,19312;982,022329999999;12,19312;-2586,68665000001;898,46763
1;1;1;0;1;2017;168123;48760,64279;955,89013;22547,99745;1064,65695;38981,38654;955,89013;39027,54446;955,89013;17467,78384;687,94106;18842,176;0;203190,71462;3183,84862;224269,51889;3126,86544;188907,87373;13155,75952;0;1328,84194;3620,88501;0;15089,83243;0;11226,2445;865,31053;4276,94214;0;3049,63102;0;17217,46792;950,50648;391,039;0;5242,91854;87,043;0;2256;0;0;1595,96086;0;9707,87657;0;699521709;3611,02042999999;-744,92424;24803,99745;1064,65695;-2256;0;-46,1579199999996;0;13776,7979;950,50648;4813,64038;90,5796;-1508,34987;27,10747;747,650129999999;27,10747;-3759,44891;-636,15742
1;1;1;2;0;2014;539195;207955,66333;13265,0763;126596,5072;7455,47239;190709,26691;12374,13935;190855,62441;12374,13935;74350,41649;8840,39778;46629,51269;8662,25177;679823,81887;39046,29377;791529,91871;54948,10635;788419,75598;108735,89645;23,63191;8267,73556;20119,2635;180,36257;81692,18238;2494,68067;57880,80487;8325,966;15691,57752;483,48889;5883,2424;1140,866;56805,65504;4690,53202;8002,12176;168,732;25372,94226;798,75037;0;0;0;0;32465,05397;538,55176;8378,20201;0;NA;37355,68335;7061,4148;126596,5072;7455,47239;0;0;-146,357500000001;0;42920,29088;3380,93402;15471,79614;889,64122;11952,85593;1427,63824;11952,85593;1427,63824;2626,03990999996;9914,06266
1;1;1;2;0;2015;540315;181634,94914;11636,55068;112937,25775;4486,85686;163803,38721;11569,54737;165132,45127;11621,4916;58124,31153;7024,86098;50025,40589;11954,43011;682993,64812;41445,66299;790145,17229;54726,23269;789214,81885;113526,46527;208,28759;8805,59273;14810,35742;442,49105;67241,42583;2744,84174;54138,91249;7211,35903;12790,88124;292,81902;9042,52751;0;58824,66768;3122,1005;7459,3474;161,101;27066,35097;102,12699;2124,471;0;0;0;17163,03613;17,60667;7076,07701;0;NA;49027,21264;6255,70872;110812,78675;4486,85686;2124,471;0;-1329,06406;-51,9442300000001;42322,79277;2960,9995;16150,87429;929,98076;9883,20297;1245,0227;7758,73197;1245,0227;30354,92714;11060,44501
1;1;1;2;0;2016;543968;177561,49443;17445,21744;102083,54673;6602,09685;139115,06943;15185,79644;139184,91968;15185,79644;63156,04247;11665,24965;41689,27107;21590,88534;663860,51793;48741,19912;765797,6948;63962,98314;783329,9221;117374,08453;119,82215;7862,82519;11911,02722;269,47735;54629,66971;7034,20383;44719,0177;5605,86194;13261,43165;1111,40624;8784,56461;249,936;48203,56598;5157,71774;7037,746;116,136;25956,35761;110,31889;0;762,7655;0;0;12968,79878;276,4;8519,95253;0;NA;38781,1344;3556,53437;102846,31223;6602,09685;-762,7655;0;-69,8502500000013;0;32381,25537;4791,64574;14663,7734;1164,84708;14954,82436;1057,66022;15717,58986;1057,66022;4992,45776999997;14304,29912
1;1;1;2;0;2017;545233;169222,71553;17548,13172;99849,39518;5201,28871;150741,02836;17473,34269;151866,31426;17473,34269;74060,50976;21768,94647;38554,67884;1933,08825;681315,35819;39816,40345;785934,553;72313,75126;766738,90411;94807,87996;189,91862;9917,32539;15015,58405;562,95299;68182,91961;5484,79673;42363,05397;8153,1136;11903,81295;2226,02159;6895,84905;0;39219,13536;3852,66642;7688,061;126,73;19649,12173;92,81885;0;1062,2355;0;0;16452,86588;84,64958;8144,4144;0;NA;30558,68505;10728,40134;100911,63068;5201,28871;-1062,2355;0;-1125,2859;0;24635,22531;3725,93642;14400,94368;1046,45778;24528,27221;1171,15386;25590,50771;1171,15386;-259,95646000001;314,64658
